[
{
  "model": "admin.logentry",
  "pk": 1,
  "fields": {
    "action_time": "2023-05-26T07:05:37.929Z",
    "user": 1,
    "content_type": 14,
    "object_id": "18",
    "object_repr": "x",
    "action_flag": 3,
    "change_message": ""
  }
},
{
  "model": "admin.logentry",
  "pk": 2,
  "fields": {
    "action_time": "2023-05-26T07:05:37.938Z",
    "user": 1,
    "content_type": 14,
    "object_id": "17",
    "object_repr": "test",
    "action_flag": 3,
    "change_message": ""
  }
},
{
  "model": "admin.logentry",
  "pk": 3,
  "fields": {
    "action_time": "2023-05-26T07:06:19.617Z",
    "user": 1,
    "content_type": 3,
    "object_id": "2",
    "object_repr": "Students",
    "action_flag": 1,
    "change_message": "[{\"added\": {}}]"
  }
},
{
  "model": "admin.logentry",
  "pk": 4,
  "fields": {
    "action_time": "2023-05-26T07:13:03.114Z",
    "user": 1,
    "content_type": 14,
    "object_id": "1",
    "object_repr": "mateusz",
    "action_flag": 2,
    "change_message": "[{\"changed\": {\"fields\": [\"Groups\"]}}]"
  }
},
{
  "model": "admin.logentry",
  "pk": 5,
  "fields": {
    "action_time": "2023-05-26T07:13:08.541Z",
    "user": 1,
    "content_type": 14,
    "object_id": "2",
    "object_repr": "user01",
    "action_flag": 2,
    "change_message": "[{\"changed\": {\"fields\": [\"Groups\"]}}]"
  }
},
{
  "model": "admin.logentry",
  "pk": 6,
  "fields": {
    "action_time": "2023-05-26T07:13:14.377Z",
    "user": 1,
    "content_type": 14,
    "object_id": "3",
    "object_repr": "user02",
    "action_flag": 2,
    "change_message": "[{\"changed\": {\"fields\": [\"Groups\"]}}]"
  }
},
{
  "model": "admin.logentry",
  "pk": 7,
  "fields": {
    "action_time": "2023-05-26T07:13:19.514Z",
    "user": 1,
    "content_type": 14,
    "object_id": "4",
    "object_repr": "user03",
    "action_flag": 2,
    "change_message": "[{\"changed\": {\"fields\": [\"Groups\"]}}]"
  }
},
{
  "model": "admin.logentry",
  "pk": 8,
  "fields": {
    "action_time": "2023-05-26T07:13:25.596Z",
    "user": 1,
    "content_type": 14,
    "object_id": "5",
    "object_repr": "user04",
    "action_flag": 2,
    "change_message": "[{\"changed\": {\"fields\": [\"Groups\"]}}]"
  }
},
{
  "model": "admin.logentry",
  "pk": 9,
  "fields": {
    "action_time": "2023-05-26T07:13:30.029Z",
    "user": 1,
    "content_type": 14,
    "object_id": "6",
    "object_repr": "user05",
    "action_flag": 2,
    "change_message": "[{\"changed\": {\"fields\": [\"Groups\"]}}]"
  }
},
{
  "model": "admin.logentry",
  "pk": 10,
  "fields": {
    "action_time": "2023-05-26T07:13:35.213Z",
    "user": 1,
    "content_type": 14,
    "object_id": "7",
    "object_repr": "student01",
    "action_flag": 2,
    "change_message": "[{\"changed\": {\"fields\": [\"Groups\"]}}]"
  }
},
{
  "model": "admin.logentry",
  "pk": 11,
  "fields": {
    "action_time": "2023-05-26T07:13:40.190Z",
    "user": 1,
    "content_type": 14,
    "object_id": "8",
    "object_repr": "student02",
    "action_flag": 2,
    "change_message": "[{\"changed\": {\"fields\": [\"Groups\"]}}]"
  }
},
{
  "model": "admin.logentry",
  "pk": 12,
  "fields": {
    "action_time": "2023-05-26T07:13:45.207Z",
    "user": 1,
    "content_type": 14,
    "object_id": "9",
    "object_repr": "student03",
    "action_flag": 2,
    "change_message": "[{\"changed\": {\"fields\": [\"Groups\"]}}]"
  }
},
{
  "model": "admin.logentry",
  "pk": 13,
  "fields": {
    "action_time": "2023-05-26T07:13:51.304Z",
    "user": 1,
    "content_type": 14,
    "object_id": "10",
    "object_repr": "student04",
    "action_flag": 2,
    "change_message": "[{\"changed\": {\"fields\": [\"Groups\"]}}]"
  }
},
{
  "model": "admin.logentry",
  "pk": 14,
  "fields": {
    "action_time": "2023-05-26T07:13:56.025Z",
    "user": 1,
    "content_type": 14,
    "object_id": "11",
    "object_repr": "student05",
    "action_flag": 2,
    "change_message": "[{\"changed\": {\"fields\": [\"Groups\"]}}]"
  }
},
{
  "model": "admin.logentry",
  "pk": 15,
  "fields": {
    "action_time": "2023-05-26T07:14:00.495Z",
    "user": 1,
    "content_type": 14,
    "object_id": "12",
    "object_repr": "teacher01",
    "action_flag": 2,
    "change_message": "[]"
  }
},
{
  "model": "admin.logentry",
  "pk": 16,
  "fields": {
    "action_time": "2023-05-26T07:30:33.092Z",
    "user": 1,
    "content_type": 7,
    "object_id": "11",
    "object_repr": "Economics",
    "action_flag": 2,
    "change_message": "[{\"changed\": {\"fields\": [\"Students\"]}}]"
  }
},
{
  "model": "admin.logentry",
  "pk": 17,
  "fields": {
    "action_time": "2023-05-26T07:30:44.983Z",
    "user": 1,
    "content_type": 7,
    "object_id": "10",
    "object_repr": "Django",
    "action_flag": 2,
    "change_message": "[{\"changed\": {\"fields\": [\"Students\"]}}]"
  }
},
{
  "model": "auth.permission",
  "pk": 1,
  "fields": {
    "name": "Can add log entry",
    "content_type": 1,
    "codename": "add_logentry"
  }
},
{
  "model": "auth.permission",
  "pk": 2,
  "fields": {
    "name": "Can change log entry",
    "content_type": 1,
    "codename": "change_logentry"
  }
},
{
  "model": "auth.permission",
  "pk": 3,
  "fields": {
    "name": "Can delete log entry",
    "content_type": 1,
    "codename": "delete_logentry"
  }
},
{
  "model": "auth.permission",
  "pk": 4,
  "fields": {
    "name": "Can view log entry",
    "content_type": 1,
    "codename": "view_logentry"
  }
},
{
  "model": "auth.permission",
  "pk": 5,
  "fields": {
    "name": "Can add permission",
    "content_type": 2,
    "codename": "add_permission"
  }
},
{
  "model": "auth.permission",
  "pk": 6,
  "fields": {
    "name": "Can change permission",
    "content_type": 2,
    "codename": "change_permission"
  }
},
{
  "model": "auth.permission",
  "pk": 7,
  "fields": {
    "name": "Can delete permission",
    "content_type": 2,
    "codename": "delete_permission"
  }
},
{
  "model": "auth.permission",
  "pk": 8,
  "fields": {
    "name": "Can view permission",
    "content_type": 2,
    "codename": "view_permission"
  }
},
{
  "model": "auth.permission",
  "pk": 9,
  "fields": {
    "name": "Can add group",
    "content_type": 3,
    "codename": "add_group"
  }
},
{
  "model": "auth.permission",
  "pk": 10,
  "fields": {
    "name": "Can change group",
    "content_type": 3,
    "codename": "change_group"
  }
},
{
  "model": "auth.permission",
  "pk": 11,
  "fields": {
    "name": "Can delete group",
    "content_type": 3,
    "codename": "delete_group"
  }
},
{
  "model": "auth.permission",
  "pk": 12,
  "fields": {
    "name": "Can view group",
    "content_type": 3,
    "codename": "view_group"
  }
},
{
  "model": "auth.permission",
  "pk": 13,
  "fields": {
    "name": "Can add content type",
    "content_type": 4,
    "codename": "add_contenttype"
  }
},
{
  "model": "auth.permission",
  "pk": 14,
  "fields": {
    "name": "Can change content type",
    "content_type": 4,
    "codename": "change_contenttype"
  }
},
{
  "model": "auth.permission",
  "pk": 15,
  "fields": {
    "name": "Can delete content type",
    "content_type": 4,
    "codename": "delete_contenttype"
  }
},
{
  "model": "auth.permission",
  "pk": 16,
  "fields": {
    "name": "Can view content type",
    "content_type": 4,
    "codename": "view_contenttype"
  }
},
{
  "model": "auth.permission",
  "pk": 17,
  "fields": {
    "name": "Can add session",
    "content_type": 5,
    "codename": "add_session"
  }
},
{
  "model": "auth.permission",
  "pk": 18,
  "fields": {
    "name": "Can change session",
    "content_type": 5,
    "codename": "change_session"
  }
},
{
  "model": "auth.permission",
  "pk": 19,
  "fields": {
    "name": "Can delete session",
    "content_type": 5,
    "codename": "delete_session"
  }
},
{
  "model": "auth.permission",
  "pk": 20,
  "fields": {
    "name": "Can view session",
    "content_type": 5,
    "codename": "view_session"
  }
},
{
  "model": "auth.permission",
  "pk": 21,
  "fields": {
    "name": "Can add user",
    "content_type": 6,
    "codename": "add_user"
  }
},
{
  "model": "auth.permission",
  "pk": 22,
  "fields": {
    "name": "Can change user",
    "content_type": 6,
    "codename": "change_user"
  }
},
{
  "model": "auth.permission",
  "pk": 23,
  "fields": {
    "name": "Can delete user",
    "content_type": 6,
    "codename": "delete_user"
  }
},
{
  "model": "auth.permission",
  "pk": 24,
  "fields": {
    "name": "Can view user",
    "content_type": 6,
    "codename": "view_user"
  }
},
{
  "model": "auth.permission",
  "pk": 25,
  "fields": {
    "name": "Can add profile",
    "content_type": 7,
    "codename": "add_profile"
  }
},
{
  "model": "auth.permission",
  "pk": 26,
  "fields": {
    "name": "Can change profile",
    "content_type": 7,
    "codename": "change_profile"
  }
},
{
  "model": "auth.permission",
  "pk": 27,
  "fields": {
    "name": "Can delete profile",
    "content_type": 7,
    "codename": "delete_profile"
  }
},
{
  "model": "auth.permission",
  "pk": 28,
  "fields": {
    "name": "Can view profile",
    "content_type": 7,
    "codename": "view_profile"
  }
},
{
  "model": "auth.permission",
  "pk": 29,
  "fields": {
    "name": "Can add course",
    "content_type": 8,
    "codename": "add_course"
  }
},
{
  "model": "auth.permission",
  "pk": 30,
  "fields": {
    "name": "Can change course",
    "content_type": 8,
    "codename": "change_course"
  }
},
{
  "model": "auth.permission",
  "pk": 31,
  "fields": {
    "name": "Can delete course",
    "content_type": 8,
    "codename": "delete_course"
  }
},
{
  "model": "auth.permission",
  "pk": 32,
  "fields": {
    "name": "Can view course",
    "content_type": 8,
    "codename": "view_course"
  }
},
{
  "model": "auth.permission",
  "pk": 33,
  "fields": {
    "name": "Can add subject",
    "content_type": 9,
    "codename": "add_subject"
  }
},
{
  "model": "auth.permission",
  "pk": 34,
  "fields": {
    "name": "Can change subject",
    "content_type": 9,
    "codename": "change_subject"
  }
},
{
  "model": "auth.permission",
  "pk": 35,
  "fields": {
    "name": "Can delete subject",
    "content_type": 9,
    "codename": "delete_subject"
  }
},
{
  "model": "auth.permission",
  "pk": 36,
  "fields": {
    "name": "Can view subject",
    "content_type": 9,
    "codename": "view_subject"
  }
},
{
  "model": "auth.permission",
  "pk": 37,
  "fields": {
    "name": "Can add module",
    "content_type": 10,
    "codename": "add_module"
  }
},
{
  "model": "auth.permission",
  "pk": 38,
  "fields": {
    "name": "Can change module",
    "content_type": 10,
    "codename": "change_module"
  }
},
{
  "model": "auth.permission",
  "pk": 39,
  "fields": {
    "name": "Can delete module",
    "content_type": 10,
    "codename": "delete_module"
  }
},
{
  "model": "auth.permission",
  "pk": 40,
  "fields": {
    "name": "Can view module",
    "content_type": 10,
    "codename": "view_module"
  }
},
{
  "model": "auth.permission",
  "pk": 41,
  "fields": {
    "name": "Can add text",
    "content_type": 11,
    "codename": "add_text"
  }
},
{
  "model": "auth.permission",
  "pk": 42,
  "fields": {
    "name": "Can change text",
    "content_type": 11,
    "codename": "change_text"
  }
},
{
  "model": "auth.permission",
  "pk": 43,
  "fields": {
    "name": "Can delete text",
    "content_type": 11,
    "codename": "delete_text"
  }
},
{
  "model": "auth.permission",
  "pk": 44,
  "fields": {
    "name": "Can view text",
    "content_type": 11,
    "codename": "view_text"
  }
},
{
  "model": "auth.permission",
  "pk": 45,
  "fields": {
    "name": "Can add content",
    "content_type": 12,
    "codename": "add_content"
  }
},
{
  "model": "auth.permission",
  "pk": 46,
  "fields": {
    "name": "Can change content",
    "content_type": 12,
    "codename": "change_content"
  }
},
{
  "model": "auth.permission",
  "pk": 47,
  "fields": {
    "name": "Can delete content",
    "content_type": 12,
    "codename": "delete_content"
  }
},
{
  "model": "auth.permission",
  "pk": 48,
  "fields": {
    "name": "Can view content",
    "content_type": 12,
    "codename": "view_content"
  }
},
{
  "model": "auth.permission",
  "pk": 49,
  "fields": {
    "name": "Can add video",
    "content_type": 13,
    "codename": "add_video"
  }
},
{
  "model": "auth.permission",
  "pk": 50,
  "fields": {
    "name": "Can change video",
    "content_type": 13,
    "codename": "change_video"
  }
},
{
  "model": "auth.permission",
  "pk": 51,
  "fields": {
    "name": "Can delete video",
    "content_type": 13,
    "codename": "delete_video"
  }
},
{
  "model": "auth.permission",
  "pk": 52,
  "fields": {
    "name": "Can view video",
    "content_type": 13,
    "codename": "view_video"
  }
},
{
  "model": "auth.permission",
  "pk": 53,
  "fields": {
    "name": "Can add image",
    "content_type": 14,
    "codename": "add_image"
  }
},
{
  "model": "auth.permission",
  "pk": 54,
  "fields": {
    "name": "Can change image",
    "content_type": 14,
    "codename": "change_image"
  }
},
{
  "model": "auth.permission",
  "pk": 55,
  "fields": {
    "name": "Can delete image",
    "content_type": 14,
    "codename": "delete_image"
  }
},
{
  "model": "auth.permission",
  "pk": 56,
  "fields": {
    "name": "Can view image",
    "content_type": 14,
    "codename": "view_image"
  }
},
{
  "model": "auth.permission",
  "pk": 57,
  "fields": {
    "name": "Can add file",
    "content_type": 15,
    "codename": "add_file"
  }
},
{
  "model": "auth.permission",
  "pk": 58,
  "fields": {
    "name": "Can change file",
    "content_type": 15,
    "codename": "change_file"
  }
},
{
  "model": "auth.permission",
  "pk": 59,
  "fields": {
    "name": "Can delete file",
    "content_type": 15,
    "codename": "delete_file"
  }
},
{
  "model": "auth.permission",
  "pk": 60,
  "fields": {
    "name": "Can view file",
    "content_type": 15,
    "codename": "view_file"
  }
},
{
  "model": "auth.permission",
  "pk": 61,
  "fields": {
    "name": "Can add course",
    "content_type": 7,
    "codename": "add_course"
  }
},
{
  "model": "auth.permission",
  "pk": 62,
  "fields": {
    "name": "Can change course",
    "content_type": 7,
    "codename": "change_course"
  }
},
{
  "model": "auth.permission",
  "pk": 63,
  "fields": {
    "name": "Can delete course",
    "content_type": 7,
    "codename": "delete_course"
  }
},
{
  "model": "auth.permission",
  "pk": 64,
  "fields": {
    "name": "Can view course",
    "content_type": 7,
    "codename": "view_course"
  }
},
{
  "model": "auth.permission",
  "pk": 65,
  "fields": {
    "name": "Can add subject",
    "content_type": 6,
    "codename": "add_subject"
  }
},
{
  "model": "auth.permission",
  "pk": 66,
  "fields": {
    "name": "Can change subject",
    "content_type": 6,
    "codename": "change_subject"
  }
},
{
  "model": "auth.permission",
  "pk": 67,
  "fields": {
    "name": "Can delete subject",
    "content_type": 6,
    "codename": "delete_subject"
  }
},
{
  "model": "auth.permission",
  "pk": 68,
  "fields": {
    "name": "Can view subject",
    "content_type": 6,
    "codename": "view_subject"
  }
},
{
  "model": "auth.permission",
  "pk": 69,
  "fields": {
    "name": "Can add text",
    "content_type": 10,
    "codename": "add_text"
  }
},
{
  "model": "auth.permission",
  "pk": 70,
  "fields": {
    "name": "Can change text",
    "content_type": 10,
    "codename": "change_text"
  }
},
{
  "model": "auth.permission",
  "pk": 71,
  "fields": {
    "name": "Can delete text",
    "content_type": 10,
    "codename": "delete_text"
  }
},
{
  "model": "auth.permission",
  "pk": 72,
  "fields": {
    "name": "Can view text",
    "content_type": 10,
    "codename": "view_text"
  }
},
{
  "model": "auth.permission",
  "pk": 73,
  "fields": {
    "name": "Can add module",
    "content_type": 8,
    "codename": "add_module"
  }
},
{
  "model": "auth.permission",
  "pk": 74,
  "fields": {
    "name": "Can change module",
    "content_type": 8,
    "codename": "change_module"
  }
},
{
  "model": "auth.permission",
  "pk": 75,
  "fields": {
    "name": "Can delete module",
    "content_type": 8,
    "codename": "delete_module"
  }
},
{
  "model": "auth.permission",
  "pk": 76,
  "fields": {
    "name": "Can view module",
    "content_type": 8,
    "codename": "view_module"
  }
},
{
  "model": "auth.permission",
  "pk": 77,
  "fields": {
    "name": "Can add video",
    "content_type": 12,
    "codename": "add_video"
  }
},
{
  "model": "auth.permission",
  "pk": 78,
  "fields": {
    "name": "Can change video",
    "content_type": 12,
    "codename": "change_video"
  }
},
{
  "model": "auth.permission",
  "pk": 79,
  "fields": {
    "name": "Can delete video",
    "content_type": 12,
    "codename": "delete_video"
  }
},
{
  "model": "auth.permission",
  "pk": 80,
  "fields": {
    "name": "Can view video",
    "content_type": 12,
    "codename": "view_video"
  }
},
{
  "model": "auth.permission",
  "pk": 81,
  "fields": {
    "name": "Can add image",
    "content_type": 11,
    "codename": "add_image"
  }
},
{
  "model": "auth.permission",
  "pk": 82,
  "fields": {
    "name": "Can change image",
    "content_type": 11,
    "codename": "change_image"
  }
},
{
  "model": "auth.permission",
  "pk": 83,
  "fields": {
    "name": "Can delete image",
    "content_type": 11,
    "codename": "delete_image"
  }
},
{
  "model": "auth.permission",
  "pk": 84,
  "fields": {
    "name": "Can view image",
    "content_type": 11,
    "codename": "view_image"
  }
},
{
  "model": "auth.permission",
  "pk": 85,
  "fields": {
    "name": "Can add file",
    "content_type": 13,
    "codename": "add_file"
  }
},
{
  "model": "auth.permission",
  "pk": 86,
  "fields": {
    "name": "Can change file",
    "content_type": 13,
    "codename": "change_file"
  }
},
{
  "model": "auth.permission",
  "pk": 87,
  "fields": {
    "name": "Can delete file",
    "content_type": 13,
    "codename": "delete_file"
  }
},
{
  "model": "auth.permission",
  "pk": 88,
  "fields": {
    "name": "Can view file",
    "content_type": 13,
    "codename": "view_file"
  }
},
{
  "model": "auth.permission",
  "pk": 89,
  "fields": {
    "name": "Can add content",
    "content_type": 9,
    "codename": "add_content"
  }
},
{
  "model": "auth.permission",
  "pk": 90,
  "fields": {
    "name": "Can change content",
    "content_type": 9,
    "codename": "change_content"
  }
},
{
  "model": "auth.permission",
  "pk": 91,
  "fields": {
    "name": "Can delete content",
    "content_type": 9,
    "codename": "delete_content"
  }
},
{
  "model": "auth.permission",
  "pk": 92,
  "fields": {
    "name": "Can view content",
    "content_type": 9,
    "codename": "view_content"
  }
},
{
  "model": "auth.permission",
  "pk": 93,
  "fields": {
    "name": "Can add user",
    "content_type": 14,
    "codename": "add_user"
  }
},
{
  "model": "auth.permission",
  "pk": 94,
  "fields": {
    "name": "Can change user",
    "content_type": 14,
    "codename": "change_user"
  }
},
{
  "model": "auth.permission",
  "pk": 95,
  "fields": {
    "name": "Can delete user",
    "content_type": 14,
    "codename": "delete_user"
  }
},
{
  "model": "auth.permission",
  "pk": 96,
  "fields": {
    "name": "Can view user",
    "content_type": 14,
    "codename": "view_user"
  }
},
{
  "model": "auth.permission",
  "pk": 97,
  "fields": {
    "name": "Can add profile",
    "content_type": 15,
    "codename": "add_profile"
  }
},
{
  "model": "auth.permission",
  "pk": 98,
  "fields": {
    "name": "Can change profile",
    "content_type": 15,
    "codename": "change_profile"
  }
},
{
  "model": "auth.permission",
  "pk": 99,
  "fields": {
    "name": "Can delete profile",
    "content_type": 15,
    "codename": "delete_profile"
  }
},
{
  "model": "auth.permission",
  "pk": 100,
  "fields": {
    "name": "Can view profile",
    "content_type": 15,
    "codename": "view_profile"
  }
},
{
  "model": "auth.group",
  "pk": 1,
  "fields": {
    "name": "Teachers",
    "permissions": [
      33,
      34,
      35,
      36,
      49,
      50,
      51,
      52,
      41,
      42,
      43,
      44,
      29,
      30,
      31,
      32,
      37,
      38,
      39,
      40,
      45,
      46,
      47,
      48,
      57,
      58,
      59,
      60,
      53,
      54,
      55,
      56
    ]
  }
},
{
  "model": "auth.group",
  "pk": 2,
  "fields": {
    "name": "Students",
    "permissions": []
  }
},
{
  "model": "contenttypes.contenttype",
  "pk": 1,
  "fields": {
    "app_label": "admin",
    "model": "logentry"
  }
},
{
  "model": "contenttypes.contenttype",
  "pk": 2,
  "fields": {
    "app_label": "auth",
    "model": "permission"
  }
},
{
  "model": "contenttypes.contenttype",
  "pk": 3,
  "fields": {
    "app_label": "auth",
    "model": "group"
  }
},
{
  "model": "contenttypes.contenttype",
  "pk": 4,
  "fields": {
    "app_label": "contenttypes",
    "model": "contenttype"
  }
},
{
  "model": "contenttypes.contenttype",
  "pk": 5,
  "fields": {
    "app_label": "sessions",
    "model": "session"
  }
},
{
  "model": "contenttypes.contenttype",
  "pk": 6,
  "fields": {
    "app_label": "learning",
    "model": "subject"
  }
},
{
  "model": "contenttypes.contenttype",
  "pk": 7,
  "fields": {
    "app_label": "learning",
    "model": "course"
  }
},
{
  "model": "contenttypes.contenttype",
  "pk": 8,
  "fields": {
    "app_label": "learning",
    "model": "module"
  }
},
{
  "model": "contenttypes.contenttype",
  "pk": 9,
  "fields": {
    "app_label": "learning",
    "model": "content"
  }
},
{
  "model": "contenttypes.contenttype",
  "pk": 10,
  "fields": {
    "app_label": "learning",
    "model": "text"
  }
},
{
  "model": "contenttypes.contenttype",
  "pk": 11,
  "fields": {
    "app_label": "learning",
    "model": "image"
  }
},
{
  "model": "contenttypes.contenttype",
  "pk": 12,
  "fields": {
    "app_label": "learning",
    "model": "video"
  }
},
{
  "model": "contenttypes.contenttype",
  "pk": 13,
  "fields": {
    "app_label": "learning",
    "model": "file"
  }
},
{
  "model": "contenttypes.contenttype",
  "pk": 14,
  "fields": {
    "app_label": "users",
    "model": "user"
  }
},
{
  "model": "contenttypes.contenttype",
  "pk": 15,
  "fields": {
    "app_label": "users",
    "model": "profile"
  }
},
{
  "model": "sessions.session",
  "pk": "xowl1rqefx5qdkkrpe1aaepwqsdvp3ws",
  "fields": {
    "session_data": ".eJxVjDsOwjAQBe_iGlnZjX9Q0nMGa-21cQDZUpxUiLuTSCmgnZn33sLTuhS_9jT7icVFgDj9skDxmeou-EH13mRsdZmnIPdEHrbLW-P0uh7t30GhXrY1BZWjtZjYqbMlHhUbE9joMWs35kSYASMAb9wxDhF0xiFEBwqACMXnC_miOB0:1q2Ru4:FTwBJ1_umfGVpJ6qL5CI6XNttMfJiIizwfS_hCSAs9c",
    "expire_date": "2023-06-09T07:30:24.273Z"
  }
},
{
  "model": "learning.subject",
  "pk": 1,
  "fields": {
    "title": "IT",
    "slug": "it"
  }
},
{
  "model": "learning.subject",
  "pk": 2,
  "fields": {
    "title": "Economics",
    "slug": "economics"
  }
},
{
  "model": "learning.subject",
  "pk": 3,
  "fields": {
    "title": "Art",
    "slug": "art"
  }
},
{
  "model": "learning.subject",
  "pk": 4,
  "fields": {
    "title": "Mathematics",
    "slug": "mathematics"
  }
},
{
  "model": "learning.subject",
  "pk": 5,
  "fields": {
    "title": "Science",
    "slug": "science"
  }
},
{
  "model": "learning.subject",
  "pk": 6,
  "fields": {
    "title": "Health",
    "slug": "health"
  }
},
{
  "model": "learning.subject",
  "pk": 7,
  "fields": {
    "title": "Personal development",
    "slug": "personal-development"
  }
},
{
  "model": "learning.course",
  "pk": 9,
  "fields": {
    "created": "2023-05-04T22:46:02.075Z",
    "updated": "2023-05-04T22:46:02.075Z",
    "owner": 2,
    "subject": 1,
    "title": "Python",
    "slug": "python",
    "thumbnail": "course_thumbnails/DALLE_2023-05-05_00.43.23_-_python_course_thumbnail.png",
    "overview": "Python course",
    "status": "Draft",
    "students": []
  }
},
{
  "model": "learning.course",
  "pk": 10,
  "fields": {
    "created": "2023-05-04T22:46:19.528Z",
    "updated": "2023-05-26T07:30:44.979Z",
    "owner": 2,
    "subject": 1,
    "title": "Django",
    "slug": "django",
    "thumbnail": "course_thumbnails/DALLE_2023-05-05_00.44.50_-_django_video_course_youtube_style_thumbnail.png",
    "overview": "Django course",
    "status": "Draft",
    "students": []
  }
},
{
  "model": "learning.course",
  "pk": 11,
  "fields": {
    "created": "2023-05-04T22:46:40.484Z",
    "updated": "2023-05-26T07:30:33.087Z",
    "owner": 2,
    "subject": 2,
    "title": "Economics",
    "slug": "economics",
    "thumbnail": "course_thumbnails/DALLE_2023-05-05_00.45.37_-_economics_video_course_youtube_style_thumbnail.png",
    "overview": "Economics course",
    "status": "Draft",
    "students": []
  }
},
{
  "model": "learning.module",
  "pk": 11,
  "fields": {
    "created": "2023-05-04T22:47:23.746Z",
    "updated": "2023-05-04T22:47:23.746Z",
    "course": 9,
    "title": "Python module 1",
    "description": "Python module 1",
    "order": 0
  }
},
{
  "model": "learning.module",
  "pk": 12,
  "fields": {
    "created": "2023-05-04T22:47:23.756Z",
    "updated": "2023-05-04T22:47:23.756Z",
    "course": 9,
    "title": "Python module 2",
    "description": "Python module 2",
    "order": 1
  }
},
{
  "model": "learning.module",
  "pk": 13,
  "fields": {
    "created": "2023-05-04T22:48:06.132Z",
    "updated": "2023-05-04T22:48:06.132Z",
    "course": 10,
    "title": "Django module 1",
    "description": "Django module 1",
    "order": 0
  }
},
{
  "model": "learning.module",
  "pk": 14,
  "fields": {
    "created": "2023-05-04T22:48:06.139Z",
    "updated": "2023-05-04T22:48:06.139Z",
    "course": 10,
    "title": "Django module 2",
    "description": "Django module 2",
    "order": 1
  }
},
{
  "model": "learning.module",
  "pk": 15,
  "fields": {
    "created": "2023-05-04T22:48:06.144Z",
    "updated": "2023-05-04T22:48:06.144Z",
    "course": 10,
    "title": "Django module 3",
    "description": "Django module 3",
    "order": 2
  }
},
{
  "model": "learning.module",
  "pk": 16,
  "fields": {
    "created": "2023-05-04T22:48:32.677Z",
    "updated": "2023-05-04T22:48:32.677Z",
    "course": 11,
    "title": "Econ mod 1",
    "description": "Econ mod 1",
    "order": 0
  }
},
{
  "model": "learning.module",
  "pk": 17,
  "fields": {
    "created": "2023-05-04T22:48:32.682Z",
    "updated": "2023-05-04T22:48:32.682Z",
    "course": 11,
    "title": "Econ mod 2",
    "description": "Econ mod 2",
    "order": 1
  }
},
{
  "model": "learning.module",
  "pk": 18,
  "fields": {
    "created": "2023-05-04T22:48:32.686Z",
    "updated": "2023-05-04T22:48:32.686Z",
    "course": 11,
    "title": "Econ mod 3",
    "description": "Econ mod 3",
    "order": 2
  }
},
{
  "model": "learning.module",
  "pk": 19,
  "fields": {
    "created": "2023-05-06T22:06:13.166Z",
    "updated": "2023-05-06T22:06:13.166Z",
    "course": 11,
    "title": "bla bla",
    "description": "",
    "order": 4
  }
},
{
  "model": "learning.content",
  "pk": 3,
  "fields": {
    "created": "2023-05-07T10:27:54.120Z",
    "updated": "2023-05-07T10:27:54.120Z",
    "module": 13,
    "content_type": 10,
    "object_id": 3,
    "order": 0
  }
},
{
  "model": "learning.content",
  "pk": 4,
  "fields": {
    "created": "2023-05-07T10:29:43.031Z",
    "updated": "2023-05-07T10:29:43.031Z",
    "module": 14,
    "content_type": 12,
    "object_id": 1,
    "order": 0
  }
},
{
  "model": "learning.content",
  "pk": 5,
  "fields": {
    "created": "2023-05-07T10:29:56.795Z",
    "updated": "2023-05-07T10:29:56.795Z",
    "module": 14,
    "content_type": 10,
    "object_id": 4,
    "order": 1
  }
},
{
  "model": "learning.content",
  "pk": 7,
  "fields": {
    "created": "2023-05-07T10:35:00.761Z",
    "updated": "2023-05-07T10:35:00.761Z",
    "module": 15,
    "content_type": 13,
    "object_id": 1,
    "order": 1
  }
},
{
  "model": "learning.content",
  "pk": 8,
  "fields": {
    "created": "2023-05-18T21:17:05.139Z",
    "updated": "2023-05-18T21:17:05.139Z",
    "module": 16,
    "content_type": 10,
    "object_id": 5,
    "order": 0
  }
},
{
  "model": "learning.text",
  "pk": 3,
  "fields": {
    "created": "2023-05-07T10:27:54.116Z",
    "updated": "2023-05-07T10:27:54.116Z",
    "owner": 2,
    "title": "this is 1 text",
    "content": "this is 1 textthis is 1 textthis is 1 textthis is 1 text"
  }
},
{
  "model": "learning.text",
  "pk": 4,
  "fields": {
    "created": "2023-05-07T10:29:56.787Z",
    "updated": "2023-05-07T10:29:56.787Z",
    "owner": 2,
    "title": "python 2",
    "content": "python 2python 2python 2python 2python 2python 2python 2python 2python 2"
  }
},
{
  "model": "learning.text",
  "pk": 5,
  "fields": {
    "created": "2023-05-18T21:17:05.132Z",
    "updated": "2023-05-18T21:17:05.132Z",
    "owner": 2,
    "title": "bla",
    "content": "bla"
  }
},
{
  "model": "learning.video",
  "pk": 1,
  "fields": {
    "created": "2023-05-07T10:29:43.025Z",
    "updated": "2023-05-07T10:29:43.025Z",
    "owner": 2,
    "title": "python 1",
    "url": "https://www.youtube.com/watch?v=YYXdXT2l-Gg"
  }
},
{
  "model": "learning.file",
  "pk": 1,
  "fields": {
    "created": "2023-05-07T10:35:00.753Z",
    "updated": "2023-05-07T10:35:00.753Z",
    "owner": 2,
    "title": "tutor docks",
    "other_file": "files/Tutor.docx"
  }
},
{
  "model": "users.user",
  "pk": 1,
  "fields": {
    "password": "pbkdf2_sha256$390000$jxPR5OarEqQYsLTu8mVOt2$YFt4Nbwl4/oSKr+DPb7WddKW7y9bCE3tRwIMdylkD8g=",
    "last_login": "2023-05-26T07:30:24.241Z",
    "is_superuser": true,
    "username": "mateusz",
    "first_name": "",
    "last_name": "",
    "email": "mikull94@gmail.com",
    "is_staff": true,
    "is_active": true,
    "date_joined": "2023-03-27T20:31:31Z",
    "groups": [
      1,
      2
    ],
    "user_permissions": []
  }
},
{
  "model": "users.user",
  "pk": 2,
  "fields": {
    "password": "pbkdf2_sha256$390000$xQbNr5mJQ4mV1unXDb0gY5$Lexh7JVyw+0ihFYIDc8h0jupw0HUF2U0uxVlUNaLsQ8=",
    "last_login": "2023-05-26T07:30:06.484Z",
    "is_superuser": false,
    "username": "user01",
    "first_name": "",
    "last_name": "",
    "email": "use@user.pl",
    "is_staff": false,
    "is_active": true,
    "date_joined": "2023-03-27T20:32:08Z",
    "groups": [
      1,
      2
    ],
    "user_permissions": []
  }
},
{
  "model": "users.user",
  "pk": 3,
  "fields": {
    "password": "pbkdf2_sha256$390000$FYh2CivegU8jwycvA4MZzg$bltwNTzadHpG3VsDxsUrI5gVv01pQVOBnyGtHSy262M=",
    "last_login": null,
    "is_superuser": false,
    "username": "user02",
    "first_name": "",
    "last_name": "",
    "email": "use@user.pl",
    "is_staff": false,
    "is_active": true,
    "date_joined": "2023-03-27T20:32:24Z",
    "groups": [
      1,
      2
    ],
    "user_permissions": []
  }
},
{
  "model": "users.user",
  "pk": 4,
  "fields": {
    "password": "pbkdf2_sha256$390000$qS9a4IkA9PqqfMBc8vfCsM$WVMJL6deifQgok/UVTFUn0PP+7a+6gmyG0WlO5cAKNE=",
    "last_login": null,
    "is_superuser": false,
    "username": "user03",
    "first_name": "",
    "last_name": "",
    "email": "use@user.pl",
    "is_staff": false,
    "is_active": true,
    "date_joined": "2023-03-27T20:32:45Z",
    "groups": [
      1,
      2
    ],
    "user_permissions": []
  }
},
{
  "model": "users.user",
  "pk": 5,
  "fields": {
    "password": "pbkdf2_sha256$390000$Tpj7OhX3tzDAarGFu7VHeX$bppAgeoWt16TS7ZREsk8QUkx1vo49tCOe0QsHuP1qms=",
    "last_login": null,
    "is_superuser": false,
    "username": "user04",
    "first_name": "",
    "last_name": "",
    "email": "use@user.pl",
    "is_staff": false,
    "is_active": true,
    "date_joined": "2023-03-27T20:33:00Z",
    "groups": [
      1,
      2
    ],
    "user_permissions": []
  }
},
{
  "model": "users.user",
  "pk": 6,
  "fields": {
    "password": "pbkdf2_sha256$390000$sI2Xza0cwKlh3TpG2v15vf$c9FrL7PoVmVrbyQz6nYyCOPrWdecf04MprvWA901T2c=",
    "last_login": null,
    "is_superuser": false,
    "username": "user05",
    "first_name": "",
    "last_name": "",
    "email": "use@user.pl",
    "is_staff": false,
    "is_active": true,
    "date_joined": "2023-03-27T20:33:24Z",
    "groups": [
      1,
      2
    ],
    "user_permissions": []
  }
},
{
  "model": "users.user",
  "pk": 7,
  "fields": {
    "password": "pbkdf2_sha256$390000$H8YreMU7gfMz6Aarf3Sz2i$eHyBwMEbvG/n1ssebnzs0X5u96PPl/Y+zy/zP2uAgyc=",
    "last_login": null,
    "is_superuser": false,
    "username": "student01",
    "first_name": "",
    "last_name": "",
    "email": "student@student.pl",
    "is_staff": false,
    "is_active": true,
    "date_joined": "2023-03-27T20:33:49Z",
    "groups": [
      2
    ],
    "user_permissions": []
  }
},
{
  "model": "users.user",
  "pk": 8,
  "fields": {
    "password": "pbkdf2_sha256$390000$v8caUsdQdVCQWmgknFCAnt$xNejPOf5FcGxjTjBIpiMIHDvh7ToBPQf7MRxywGi/4c=",
    "last_login": null,
    "is_superuser": false,
    "username": "student02",
    "first_name": "",
    "last_name": "",
    "email": "student@student.pl",
    "is_staff": false,
    "is_active": true,
    "date_joined": "2023-03-27T20:34:03Z",
    "groups": [
      2
    ],
    "user_permissions": []
  }
},
{
  "model": "users.user",
  "pk": 9,
  "fields": {
    "password": "pbkdf2_sha256$390000$eL3fbUYIJxNVQxrViIH3id$jnaKSlcjmRGGjqKMqCkZ9hTAS7Egy8rc/yjLSr63oNI=",
    "last_login": null,
    "is_superuser": false,
    "username": "student03",
    "first_name": "",
    "last_name": "",
    "email": "student@student.pl",
    "is_staff": false,
    "is_active": true,
    "date_joined": "2023-03-27T20:35:11Z",
    "groups": [
      2
    ],
    "user_permissions": []
  }
},
{
  "model": "users.user",
  "pk": 10,
  "fields": {
    "password": "pbkdf2_sha256$390000$X7pAVQ8PImMeLLnb7mTVGl$UeqvNKSjbFVfwP1II++b1AVT924E9Qm6Joyv0pwkQhg=",
    "last_login": null,
    "is_superuser": false,
    "username": "student04",
    "first_name": "",
    "last_name": "",
    "email": "student@student.pl",
    "is_staff": false,
    "is_active": true,
    "date_joined": "2023-03-27T20:35:30Z",
    "groups": [
      2
    ],
    "user_permissions": []
  }
},
{
  "model": "users.user",
  "pk": 11,
  "fields": {
    "password": "pbkdf2_sha256$390000$RITyL38GjO5PQFYS9LzTTy$cUItnY5kE9+msJNHMBqlOfIr4hh7xZKmk7KXj6VHNlc=",
    "last_login": null,
    "is_superuser": false,
    "username": "student05",
    "first_name": "",
    "last_name": "",
    "email": "student@student.pl",
    "is_staff": false,
    "is_active": true,
    "date_joined": "2023-03-27T20:35:51Z",
    "groups": [
      2
    ],
    "user_permissions": []
  }
},
{
  "model": "users.user",
  "pk": 12,
  "fields": {
    "password": "pbkdf2_sha256$390000$JT7AflO28jfMIYbfsL2Yla$BchxhEb+ZyPL1AYugol8G3A05Q+0ZmHkRlvEk/eZxYc=",
    "last_login": null,
    "is_superuser": false,
    "username": "teacher01",
    "first_name": "",
    "last_name": "",
    "email": "teacher@teacher.pl",
    "is_staff": false,
    "is_active": true,
    "date_joined": "2023-03-27T20:36:52Z",
    "groups": [
      1
    ],
    "user_permissions": []
  }
},
{
  "model": "users.user",
  "pk": 13,
  "fields": {
    "password": "pbkdf2_sha256$390000$bFhk1C5gQMqrQxUiJR6USM$h1Q7sQQWWzseLdtPEusOIP5YNBDJ2mKicBuwv/82Bmo=",
    "last_login": null,
    "is_superuser": false,
    "username": "teacher02",
    "first_name": "",
    "last_name": "",
    "email": "teacher@teacher.pl",
    "is_staff": false,
    "is_active": true,
    "date_joined": "2023-03-27T20:37:12Z",
    "groups": [
      1
    ],
    "user_permissions": []
  }
},
{
  "model": "users.user",
  "pk": 14,
  "fields": {
    "password": "pbkdf2_sha256$390000$7xe2E3J7OtSrsoX4rymzL7$XSfVkH75R7gv4AocLUbwoYI9Xl5xamfsdM+8tCQuJHM=",
    "last_login": null,
    "is_superuser": false,
    "username": "teacher03",
    "first_name": "",
    "last_name": "",
    "email": "teacher@teacher.pl",
    "is_staff": false,
    "is_active": true,
    "date_joined": "2023-03-27T20:37:31Z",
    "groups": [
      1
    ],
    "user_permissions": []
  }
},
{
  "model": "users.user",
  "pk": 15,
  "fields": {
    "password": "pbkdf2_sha256$390000$g29V0UNe35eBpASdrtgVXz$rQ+UrGGaAv/x0PX7A5WGfa9qXSZtQ03aq5ACDUjyo80=",
    "last_login": null,
    "is_superuser": false,
    "username": "teacher04",
    "first_name": "",
    "last_name": "",
    "email": "teacher@teacher.pl",
    "is_staff": false,
    "is_active": true,
    "date_joined": "2023-03-27T20:37:48Z",
    "groups": [
      1
    ],
    "user_permissions": []
  }
},
{
  "model": "users.user",
  "pk": 16,
  "fields": {
    "password": "pbkdf2_sha256$390000$3WmvFOjMc4n08eE7XKwEJv$0i2OJDh4DaRZp/ka9fBvRbuoRA4p8qHvyovTSD8AUns=",
    "last_login": null,
    "is_superuser": false,
    "username": "teacher05",
    "first_name": "",
    "last_name": "",
    "email": "teacher@teacher.pl",
    "is_staff": false,
    "is_active": true,
    "date_joined": "2023-03-27T20:38:06Z",
    "groups": [
      1
    ],
    "user_permissions": []
  }
},
{
  "model": "users.profile",
  "pk": 1,
  "fields": {
    "user": 1,
    "profile_picture": "profile_pictures/profile_default.jpg",
    "bio": "",
    "location": "",
    "slug": "mateusz"
  }
},
{
  "model": "users.profile",
  "pk": 2,
  "fields": {
    "user": 2,
    "profile_picture": "profile_pictures/profile_default.jpg",
    "bio": "",
    "location": "",
    "slug": "user01"
  }
},
{
  "model": "users.profile",
  "pk": 3,
  "fields": {
    "user": 3,
    "profile_picture": "profile_pictures/profile_default.jpg",
    "bio": "",
    "location": "",
    "slug": "user02"
  }
},
{
  "model": "users.profile",
  "pk": 4,
  "fields": {
    "user": 4,
    "profile_picture": "profile_pictures/profile_default.jpg",
    "bio": "",
    "location": "",
    "slug": "user03"
  }
},
{
  "model": "users.profile",
  "pk": 5,
  "fields": {
    "user": 5,
    "profile_picture": "profile_pictures/profile_default.jpg",
    "bio": "",
    "location": "",
    "slug": "user04"
  }
},
{
  "model": "users.profile",
  "pk": 6,
  "fields": {
    "user": 6,
    "profile_picture": "profile_pictures/profile_default.jpg",
    "bio": "",
    "location": "",
    "slug": "user05"
  }
},
{
  "model": "users.profile",
  "pk": 7,
  "fields": {
    "user": 7,
    "profile_picture": "profile_pictures/profile_default.jpg",
    "bio": "",
    "location": "",
    "slug": "student01"
  }
},
{
  "model": "users.profile",
  "pk": 8,
  "fields": {
    "user": 8,
    "profile_picture": "profile_pictures/profile_default.jpg",
    "bio": "",
    "location": "",
    "slug": "student02"
  }
},
{
  "model": "users.profile",
  "pk": 9,
  "fields": {
    "user": 9,
    "profile_picture": "profile_pictures/profile_default.jpg",
    "bio": "",
    "location": "",
    "slug": "student03"
  }
},
{
  "model": "users.profile",
  "pk": 10,
  "fields": {
    "user": 10,
    "profile_picture": "profile_pictures/profile_default.jpg",
    "bio": "",
    "location": "",
    "slug": "student04"
  }
},
{
  "model": "users.profile",
  "pk": 11,
  "fields": {
    "user": 11,
    "profile_picture": "profile_pictures/profile_default.jpg",
    "bio": "",
    "location": "",
    "slug": "student05"
  }
},
{
  "model": "users.profile",
  "pk": 12,
  "fields": {
    "user": 12,
    "profile_picture": "profile_pictures/profile_default.jpg",
    "bio": "",
    "location": "",
    "slug": "teacher01"
  }
},
{
  "model": "users.profile",
  "pk": 13,
  "fields": {
    "user": 13,
    "profile_picture": "profile_pictures/profile_default.jpg",
    "bio": "",
    "location": "",
    "slug": "teacher02"
  }
},
{
  "model": "users.profile",
  "pk": 14,
  "fields": {
    "user": 14,
    "profile_picture": "profile_pictures/profile_default.jpg",
    "bio": "",
    "location": "",
    "slug": "teacher03"
  }
},
{
  "model": "users.profile",
  "pk": 15,
  "fields": {
    "user": 15,
    "profile_picture": "profile_pictures/profile_default.jpg",
    "bio": "",
    "location": "",
    "slug": "teacher04"
  }
},
{
  "model": "users.profile",
  "pk": 16,
  "fields": {
    "user": 16,
    "profile_picture": "profile_pictures/profile_default.jpg",
    "bio": "",
    "location": "",
    "slug": "teacher05"
  }
}
]
